text,count,mean_combined_score,std_combined_score,max_combined_score,mean_comp_deviation,mean_norm_shift,n_tokens,is_ner,category,compositionality,confidence
arus which forbids,1,1.5480980489186005,0.0,1.5480980489186005,0.4306640625,3.0797177785465,3,True,fragment,0.0,0.95
icentennial Park at,1,1.3467332782620196,0.0,1.3467332782620196,0.43359375,2.5139279222175483,3,True,fragment,0.0,0.95
may also refer to:,1,1.318438860640951,0.0,1.318438860640951,0.677490234375,2.178390852774252,4,True,fixed_expression,0.9,0.9
CompuServe,4,1.2747704693533704,0.0620765107742204,1.360985785124277,0.47357177734375,2.4260008804146755,1,True,named_entity,0.0,1.0
th century and 1,1,1.2520455899525735,0.0,1.2520455899525735,0.6181640625,2.034456626248621,4,True,fragment,0.0,0.95
knee-breeches,1,1.2342773421442543,0.0,1.2342773421442543,0.44970703125,2.361450191298136,1,False,compound_word,0.7,0.95
s distant from the Sun.,1,1.2197670948423662,0.0,1.2197670948423662,0.36474609375,2.3682653933559155,5,True,fragment,0.0,0.95
work started in January 2,1,1.2037015378228255,0.0,1.2037015378228255,0.533203125,2.0251840203383136,5,True,fragment,0.0,0.95
"3 m
Width",1,1.1911112435294935,0.0,1.1911112435294935,0.2744140625,2.2638193685893597,3,True,fragment,0.0,0.95
facing hillside overlooking,1,1.1836775471806544,0.0,1.1836775471806544,0.39501953125,2.134181660920386,3,True,compositional_phrase,1.0,0.9
vi's father,1,1.1743617459227973,0.0,1.1743617459227973,0.314453125,2.227103095275743,2,True,compositional_phrase,1.0,0.9
Only twelve of these pedals,1,1.160013966255392,0.0,1.160013966255392,0.32666015625,2.2650251500134804,5,True,compositional_phrase,1.0,0.9
entitlement,1,1.1507818270472152,0.0,1.1507818270472152,0.3662109375,2.1987319113680384,1,True,technical_term,0.8,0.95
bowstring' girder,1,1.1431632036561334,0.0,1.1431632036561334,0.2021484375,2.339231251327833,2,False,technical_term,0.7,0.9
Punishments,1,1.1367050921278967,0.0,1.1367050921278967,0.507080078125,1.9425928084447412,1,True,compositional_phrase,1.0,0.9
gun forward position),1,1.1271104381148074,0.0,1.1271104381148074,0.49853515625,1.957790743724518,3,True,technical_term,0.7,0.9
asylums,1,1.121819002518151,0.0,1.121819002518151,0.2734375,2.249249654732877,1,False,technical_term,0.8,0.95
began as an outdoor hearth,1,1.11344133530365,0.0,1.11344133530365,0.287109375,2.1564060726341245,5,True,compositional_phrase,1.0,0.9
inyon-juniper,1,1.105942746844954,0.0,1.105942746844954,0.2666015625,2.242517999924885,1,True,technical_term,0.7,0.9
", found on POSIX",1,1.1005248698777972,0.0,1.1005248698777972,0.2626953125,2.146331705944493,4,True,fragment,0.0,0.95
ény was first mentioned in,1,1.092129537203596,0.0,1.092129537203596,0.44873046875,1.9877701320714896,5,True,fragment,0.0,0.95
oietic stem cell,1,1.0886703930639348,0.0,1.0886703930639348,0.37890625,2.034664263909837,3,False,fragment,0.0,0.95
40 undergraduates,1,1.0842264497874865,0.0,1.0842264497874865,0.328125,2.074091515093716,2,True,compositional_phrase,1.0,0.9
game of each series.,1,1.0798134489823497,0.0,1.0798134489823497,0.558349609375,1.6874181439402491,4,True,compositional_phrase,1.0,0.9
"s, entering service in",1,1.076564730024124,0.0,1.076564730024124,0.4306640625,1.8861139734978096,4,False,fragment,0.0,0.95
30 mm.,1,1.0708484616233374,0.0,1.0708484616233374,0.42578125,1.9533662712458435,2,True,technical_term,1.0,0.95
ottier and starring,1,1.0663936136478085,0.0,1.0663936136478085,0.34228515625,1.9002979989632711,3,False,fragment,0.0,0.98
Travis' experimental serum,1,1.0587253843817557,0.0,1.0587253843817557,0.30517578125,2.0020380703293887,3,True,compositional_phrase,1.0,0.85
Sweetapple,1,1.054893739719318,0.0,1.054893739719318,0.601806640625,1.6536528063295457,1,True,named_entity,0.0,0.95
former racing driver.,1,1.0489477504673157,0.0,1.0489477504673157,0.32177734375,1.875238028512039,3,True,compositional_phrase,1.0,0.95
worldwide if the dubbed,1,1.045867088879016,0.0,1.045867088879016,0.23486328125,2.03129369876004,4,True,fragment,0.0,0.98
Pte) Roy Longmore,1,1.0413813195931825,0.0,1.0413813195931825,0.3232421875,1.9711290802329564,3,True,named_entity,0.0,0.95
.M. Coulter,1,1.0382549220237614,0.0,1.0382549220237614,0.47412109375,1.8208570316219037,2,True,named_entity,0.0,0.95
Staying Power,1,1.0343696753128997,0.0,1.0343696753128997,0.44384765625,1.6846180359384986,2,True,named_entity,0.0,0.9
atoru Nakajima,1,1.029213564850485,0.0,1.029213564850485,0.48486328125,1.676732642594962,2,True,named_entity,0.0,0.95
"charts, ""De lustigen",1,1.026305246527221,0.0,1.026305246527221,0.212890625,1.9416176085055523,3,True,fragment,0.0,0.98
Chittoor district,1,1.0227012709238867,0.0,1.0227012709238867,0.36669921875,1.863271731997217,2,False,named_entity,0.0,0.98
"6
 Der Ausgleich",1,1.019336583539361,0.0,1.019336583539361,0.220703125,1.9354874549421528,3,True,fragment,0.0,0.98
"countries

References",1,1.0175613766577976,0.0,1.0175613766577976,0.16845703125,1.963886351800744,2,True,fragment,0.0,0.98
and larger file size.,1,1.0135793171172929,0.0,1.0135793171172929,0.64501953125,1.4482244158401063,4,True,compositional_phrase,1.0,0.95
case is useful for restraining,1,1.0108858838219463,0.0,1.0108858838219463,0.31591796875,1.883293811117366,5,True,compositional_phrase,1.0,0.9
"United States
Baldwin",1,1.0085324695656062,0.0,1.0085324695656062,0.36328125,1.7653497286015152,3,True,fragment,0.0,0.98
edium grandiflorum,1,1.0037581927482966,0.0,1.0037581927482966,0.35302734375,1.8568075912457416,2,True,fragment,0.0,0.98
records were as follows:,1,0.999380260708155,0.0,0.999380260708155,0.41162109375,1.6341318041141373,4,True,fixed_expression,0.7,0.85
Le sourd,1,0.9973426472643584,0.0,0.9973426472643584,0.48486328125,1.6018160908171457,2,True,named_entity,0.0,0.95
98 patients.,1,0.9935951193860189,0.0,0.9935951193860189,0.543212890625,1.5378208062775471,2,True,compositional_phrase,1.0,0.95
", Saxony.",1,0.9897464722966358,0.0,0.9897464722966358,0.43505859375,1.596314422929089,2,True,fragment,0.0,0.98
'hôtel,1,0.986632288925054,0.0,0.986632288925054,0.37255859375,1.7056554293438848,1,True,fragment,0.0,0.98
s and business negotiations.,1,0.983697067861529,0.0,0.983697067861529,0.532958984375,1.5842426696538223,4,True,fragment,0.0,0.98
Mojave,1,0.9826790232948928,0.0,0.9826790232948928,0.46142578125,1.7297688472997317,1,True,named_entity,0.0,0.98
north of May.,1,0.9803182325294284,0.0,0.9803182325294284,0.28564453125,1.767140796167321,3,True,fragment,0.2,0.95
at the 201,1,0.978740616978396,0.0,0.978740616978396,0.47998046875,1.6298349408834898,3,True,fragment,0.1,0.98
It premiered on February,1,0.975764793597758,0.0,0.975764793597758,0.614990234375,1.4096878629006453,4,True,fragment,0.1,0.98
sapper with the,1,0.9730031158476234,0.0,0.9730031158476234,0.31591796875,1.7608769302440583,3,True,fragment,0.1,0.98
prominence,2,0.969779046319031,0.1579268958287414,1.1277059421477724,0.357177734375,1.7013641197038274,1,False,technical_term,0.8,0.9
ensembles,1,0.9669892688621132,0.0,0.9669892688621132,0.34375,1.7460864534052831,1,True,technical_term,0.9,0.9
near the top of,1,0.96531842430029,0.0,0.96531842430029,0.240234375,1.8783839513757248,4,True,fixed_expression,0.7,0.85
of Sport,1,0.9625017243987766,0.0,0.9625017243987766,0.13720703125,1.949345131309441,2,True,fragment,0.1,0.98
teacher. She revolutionized,1,0.9592797779859592,0.0,0.9592797779859592,0.4169921875,1.6554015934023978,3,False,fragment,0.1,0.98
of Art (CAA),1,0.957245968558228,0.0,0.957245968558228,0.18896484375,1.8507565229580696,3,True,named_entity,0.6,0.85
Swahili,1,0.955156927219752,0.0,0.955156927219752,0.3349609375,1.7566667321118794,1,True,named_entity,0.9,0.99
"Polish biofuels"".",1,0.9521576860659712,0.0,0.9521576860659712,0.50341796875,1.428428883133677,2,True,compositional_phrase,1.0,0.95
Fresno,1,0.9494954381194658,0.0,0.9494954381194658,0.41845703125,1.6643880093611645,1,True,named_entity,0.9,0.99
as Le membre du conseil,1,0.947850546170352,0.0,0.947850546170352,0.162109375,1.8454564435508805,5,True,fragment,0.2,0.95
American women singers,1,0.9447836250941832,0.0,0.9447836250941832,0.26611328125,1.8844200002354583,3,True,compositional_phrase,1.0,0.95
co-written and directed by,1,0.9423649756390556,0.0,0.9423649756390556,0.4375,1.545731775035139,4,True,fixed_expression,0.7,0.9
Friedjung,1,0.9405855978422551,0.0,0.9405855978422551,0.616455078125,1.435448369605638,1,True,named_entity,0.9,0.99
Arts in Literature.,1,0.938771081529314,0.0,0.938771081529314,0.547119140625,1.3514137878076595,3,True,fragment,0.2,0.95
law that list crimes against,1,0.9352670885984524,0.0,0.9352670885984524,0.3173828125,1.6495690886836312,5,True,fragment,0.2,0.95
. Old members of Jesus College,1,0.9335451035630836,0.0,0.9335451035630836,0.18603515625,1.811645962032709,6,True,fragment,0.2,0.95
Some Bizzare Records,1,0.9304441752201972,0.0,0.9304441752201972,0.2978515625,1.658507898987993,3,True,named_entity,0.5,0.95
zerbaijan.,1,0.9274970949326647,0.0,0.9274970949326647,0.3720703125,1.552934631862912,1,False,fragment,0.1,0.98
uele Anselmi,1,0.9254380314207832,0.0,0.9254380314207832,0.57421875,1.3338587504269577,2,True,fragment,0.1,0.98
Games took place on the,1,0.9233603697887828,0.0,0.9233603697887828,0.41064453125,1.5322778775969568,5,True,fragment,0.2,0.95
organs such as ministries,1,0.9208960830826352,0.0,0.9208960830826352,0.18701171875,1.863153293644088,4,False,compositional_phrase,1.0,0.95
"orth (Nyika),",1,0.9189814295875042,0.0,0.9189814295875042,0.2890625,1.8157641208437605,2,True,fragment,0.0,0.95
Bobruisk in 1,1,0.9173938611679932,0.0,0.9173938611679932,0.486328125,1.3341951021387328,3,True,compositional_phrase,1.0,0.8
28 Bucaspor.,1,0.915722248258246,0.0,0.915722248258246,0.43359375,1.4319447808018648,2,True,named_entity,0.9,0.85
for the new year.,1,0.9131938454750758,0.0,0.9131938454750758,0.5869140625,1.3079479925939392,4,True,fixed_expression,0.7,0.9
lpf.ro,1,0.910807100998258,0.0,0.910807100998258,0.529052734375,1.4084874790581448,1,True,named_entity,0.9,0.8
1993,1,0.909356960825113,0.0,0.909356960825113,0.38232421875,1.4735266794065325,1,True,named_entity,1.0,0.95
of the Earth into seism,1,0.9069435057651032,0.0,0.9069435057651032,0.6298828125,1.2737064206627575,5,True,fragment,0.0,0.95
chieta (SP-,1,0.9043713084137028,0.0,0.9043713084137028,0.3095703125,1.5454741694717569,2,False,fragment,0.0,0.95
amenne and Liège,1,0.902805860808756,0.0,0.902805860808756,0.359375,1.54510058952189,3,True,named_entity,0.8,0.8
auri A and B.,1,0.9009880863354944,0.0,0.9009880863354944,0.2705078125,1.591581543963736,4,True,fragment,0.0,0.95
-9 Sidewinder,1,0.8988566539649003,0.0,0.8988566539649003,0.36376953125,1.5238750333497508,2,True,technical_term,0.7,0.85
-11.,1,0.8969223020642947,0.0,0.8969223020642947,0.2412109375,1.5683555598482364,1,True,fragment,0.0,0.95
"7ton
Crew",1,0.8950721795340375,0.0,0.8950721795340375,0.27880859375,1.5818576949288436,2,True,fragment,0.0,0.95
17 knots,1,0.8924572363850742,0.0,0.8924572363850742,0.28515625,1.6536284425251857,2,True,technical_term,1.0,0.9
itis in 201,1,0.8905755923639069,0.0,0.8905755923639069,0.43408203125,1.370481949659767,3,True,fragment,0.0,0.95
"areena Kapoor,",1,0.8887893179192101,0.0,0.8887893179192101,0.4296875,1.4373053260480253,2,False,named_entity,0.9,0.85
"77, while Galway",1,0.8873150434137906,0.0,0.8873150434137906,0.2685546875,1.5465957140032265,3,True,fragment,0.0,0.95
video game series created by,1,0.8853601783125228,0.0,0.8853601783125228,0.48486328125,1.3473115785938068,5,True,fragment,0.0,0.95
Emirate,1,0.8837363273342491,0.0,0.8837363273342491,0.4306640625,1.391713865210623,1,True,technical_term,1.0,0.9
venomous,1,0.8829385949599201,0.0,0.8829385949599201,0.37841796875,1.5264382842748,1,True,technical_term,1.0,0.9
po/Socrate,1,0.8808385559951071,0.0,0.8808385559951071,0.518310546875,1.4110807649877672,1,True,fragment,0.0,0.95
21st-,1,0.8795884691914204,0.0,0.8795884691914204,0.3544921875,1.444271465947301,1,True,fragment,0.0,0.95
Hallowell,2,0.8776817443219417,0.0386514948287365,0.9163332391506782,0.3994140625,1.529531509242354,1,True,named_entity,1.0,0.95
"Wisconsin
Italianate",1,0.8757961893825912,0.0,0.8757961893825912,0.32470703125,1.5199348093939775,2,True,technical_term,0.7,0.8
1962 births,1,0.8737131312158638,0.0,0.8737131312158638,0.279296875,1.4813409335084096,2,True,technical_term,0.7,0.85
F. Ahmanson,1,0.8709160155469304,0.0,0.8709160155469304,0.29833984375,1.527631835742326,2,True,named_entity,0.0,0.95
would win the Belarus,1,0.8688432016526426,0.0,0.8688432016526426,0.2236328125,1.569019625225356,4,True,fragment,0.1,0.8
Arjun Rampal,1,0.8674802628506981,0.0,0.8674802628506981,0.458984375,1.346557102439245,2,True,named_entity,0.0,0.98
Cup in 1,1,0.8661145060379225,0.0,0.8661145060379225,0.427734375,1.306399546344806,3,True,fragment,0.1,0.85
Tunneling,1,0.8635163529184811,0.0,0.8635163529184811,0.345703125,1.4778826791712028,1,True,technical_term,0.7,0.9
-Ireland decider,1,0.8613314104870308,0.0,0.8613314104870308,0.40625,1.387581455905077,2,True,fragment,0.1,0.8
Capital Region of Denmark.,1,0.8593063726264012,0.0,0.8593063726264012,0.56298828125,1.071819398362878,4,True,named_entity,0.0,0.97
Nowy Staw,1,0.8566946855118197,0.0,0.8566946855118197,0.30712890625,1.527356830967049,2,True,named_entity,0.0,0.97
2016,1,0.8549293241201263,0.0,0.8549293241201263,0.3564453125,1.4121035837378155,1,True,named_entity,0.0,0.95
Foppone,1,0.8537008416465321,0.0,0.8537008416465321,0.42578125,1.4319815963038305,1,True,named_entity,0.0,0.97
0–170,1,0.8521227137498726,0.0,0.8521227137498726,0.24267578125,1.4442105929684317,1,True,fragment,0.1,0.85
–E regions may differ from,1,0.8492037201669105,0.0,0.8492037201669105,0.32763671875,1.434654808229776,5,True,fragment,0.1,0.8
Scarpa: Oscar,1,0.8477451910499761,0.0,0.8477451910499761,0.530029296875,1.1989528213749403,2,True,fragment,0.1,0.8
would finish his career playing for,1,0.8460690139610518,0.0,0.8460690139610518,0.30810546875,1.4520865974026294,6,True,compositional_phrase,1.0,0.9
miles to the south.,1,0.8450391495592123,0.0,0.8450391495592123,0.51708984375,1.1999391824917809,4,True,compositional_phrase,1.0,0.95
Kimara also worked with,1,0.843562241962378,0.0,0.843562241962378,0.3818359375,1.351398280687195,4,True,compositional_phrase,1.0,0.9
wrangling,1,0.8413954510009612,0.0,0.8413954510009612,0.37890625,1.405734721252403,1,True,technical_term,0.7,0.85
Greek revival architecture.,1,0.8395272441244681,0.0,0.8395272441244681,0.586181640625,1.0579550732017953,3,True,technical_term,0.7,0.95
1978,1,0.8375584736867986,0.0,0.8375584736867986,0.36328125,1.3448117115607463,1,True,named_entity,0.0,0.95
9 to 19,1,0.8358328050688542,0.0,0.8358328050688542,0.3408203125,1.3131537900158852,3,True,compositional_phrase,1.0,0.95
also appeared as Astrov in,1,0.834150961506231,0.0,0.834150961506231,0.30419921875,1.3534438100155772,5,True,compositional_phrase,1.0,0.9
pioneer of,1,0.8318347336592914,0.0,0.8318347336592914,0.19384765625,1.5312469903982282,2,True,fragment,0.1,0.8
Founded in 1,1,0.8302917414568214,0.0,0.8302917414568214,0.4140625,1.2201995684858034,3,True,fragment,0.1,0.8
1941.,1,0.829282775148724,0.0,0.829282775148724,0.31591796875,1.3390150433405597,1,True,named_entity,0.0,0.95
rench: Un oiseau,1,0.8274787164378823,0.0,0.8274787164378823,0.3388671875,1.2943437637509558,3,True,fragment,0.1,0.8
"""Ridge Racer",1,0.8249551417208489,0.0,0.8249551417208489,0.392578125,1.291819006645872,2,True,named_entity,0.0,0.95
Elder and,1,0.8230442024641051,0.0,0.8230442024641051,0.28076171875,1.3958063069415128,2,False,fragment,1.0,0.98
fer (170,1,0.8210214558133708,0.0,0.8210214558133708,0.3544921875,1.242067799689677,2,True,fragment,1.0,0.98
runs entirely in the municipality,1,0.8195690072384655,0.0,0.8195690072384655,0.1845703125,1.5081510337211637,5,True,compositional_phrase,1.0,0.95
Armentières,1,0.8176595747958054,0.0,0.8176595747958054,0.3681640625,1.3986411244895136,1,True,named_entity,0.0,0.98
particularly fine example of,1,0.8158367216657684,0.0,0.8158367216657684,0.1640625,1.6204023510394208,4,True,fixed_expression,0.7,0.9
Proteaceae and is endemic,1,0.8137430449637387,0.0,0.8137430449637387,0.4111328125,1.2054391553780968,4,True,fragment,1.0,0.98
United States Catholic Conference,1,0.8118246446119257,0.0,0.8118246446119257,0.2822265625,1.355306240436064,4,True,named_entity,0.0,0.98
"era, at an elevation",1,0.8100104244754271,0.0,0.8100104244754271,0.30078125,1.3389909049385675,4,True,fragment,1.0,0.98
3 under the leadership of,1,0.8082247669498058,0.0,0.8082247669498058,0.1318359375,1.5536429720620144,5,True,fragment,1.0,0.98
uris Vtriusque,1,0.8061675838485333,0.0,0.8061675838485333,0.224609375,1.5212783346213332,2,True,named_entity,0.0,0.85
Tauri A and B,1,0.8049914597041364,0.0,0.8049914597041364,0.45556640625,1.1837432976978408,4,True,named_entity,0.0,0.95
albums La vieille dame,1,0.8036587802891613,0.0,0.8036587802891613,0.189453125,1.3985512475979032,4,True,fragment,1.0,0.98
national cups.,1,0.8015512060483647,0.0,0.8015512060483647,0.4033203125,1.164644616683412,2,False,compositional_phrase,1.0,0.95
Atlantis. In,1,0.8001421553079587,0.0,0.8001421553079587,0.3994140625,1.1969496265511466,2,True,fragment,1.0,0.98
Basketball League,1,0.7984112760163845,0.0,0.7984112760163845,0.283203125,1.315730338478461,2,True,named_entity,0.0,0.95
ax shift of,1,0.7958600015111688,0.0,0.7958600015111688,0.353515625,1.331446878777922,3,True,technical_term,0.7,0.85
Uncle Vanya,1,0.7938206683039154,0.0,0.7938206683039154,0.306640625,1.3003475691972883,2,True,named_entity,0.0,0.98
James Stephens,1,0.7921541609661769,0.0,0.7921541609661769,0.30224609375,1.346718410227942,2,True,named_entity,0.0,0.98
"ésar Franck,",1,0.7908866698620033,0.0,0.7908866698620033,0.296875,1.3693065184050082,2,True,fragment,1.0,0.98
Berthier,2,0.7895434270157058,0.1842175104123317,0.9737609374280376,0.396240234375,1.1972472394142644,1,True,named_entity,0.0,0.98
angala; Srinivas,1,0.787592035714116,0.0,0.787592035714116,0.27734375,1.31279112444154,2,True,fragment,1.0,0.98
Villages in Konin,1,0.7846667963362467,0.0,0.7846667963362467,0.38916015625,1.1557587877156166,3,True,fragment,1.0,0.98
Strobus,1,0.7821645715369228,0.0,0.7821645715369228,0.40771484375,1.2553381866548068,1,True,named_entity,0.0,0.95
Summers.,1,0.7803882774003071,0.0,0.7803882774003071,0.29443359375,1.2864199122507678,1,True,named_entity,0.0,0.95
12 September,1,0.777042144351621,0.0,0.777042144351621,0.33154296875,1.2494901265040523,2,True,fixed_expression,0.9,0.95
a railway line in Belgium connecting,1,0.7753816278489608,0.0,0.7753816278489608,0.3642578125,1.2663349289974015,6,True,fragment,0.1,0.9
"2, the executive committee of",1,0.7736607205005536,0.0,0.7736607205005536,0.392578125,1.149727973126384,5,True,fragment,0.1,0.9
pool. The first swimmer,1,0.7721748897573639,0.0,0.7721748897573639,0.4111328125,1.2196217947059098,4,True,fragment,0.1,0.95
"Nova Scotia,",1,0.771097079992781,0.0,0.771097079992781,0.2509765625,1.3009116452944525,2,True,named_entity,0.0,1.0
services on the North Cornwall,1,0.769761541595877,0.0,0.769761541595877,0.2470703125,1.3898579555521922,5,True,fragment,0.1,0.9
for Girls in Hallowell,1,0.7686450725797763,0.0,0.7686450725797763,0.30126953125,1.2344178572306908,4,True,fragment,0.1,0.95
"areer 
Hitz",1,0.7675765211063097,0.0,0.7675765211063097,0.44873046875,1.132198138703274,2,True,fragment,0.0,0.95
a company that produces comedies,1,0.7654636132938357,0.0,0.7654636132938357,0.20556640625,1.433068212922089,5,False,compositional_phrase,1.0,0.95
"868), an English",1,0.7632334381253486,0.0,0.7632334381253486,0.2568359375,1.2732569351571212,3,True,fragment,0.1,0.95
Year of birth,1,0.7614253615067885,0.0,0.7614253615067885,0.35205078125,1.202147388141971,3,True,fixed_expression,0.8,0.95
Ngau Hom Tsuen,1,0.7599605214888613,0.0,0.7599605214888613,0.2412109375,1.354979428722153,3,True,named_entity,0.0,1.0
Ethiopian New Year,1,0.7580081610585692,0.0,0.7580081610585692,0.34375,1.1986092698339226,3,True,named_entity,0.0,1.0
"5,486,",1,0.756161986142968,0.0,0.756161986142968,0.28076171875,1.3220455903574202,1,True,fragment,0.1,0.95
Havilland,1,0.7543246837836436,0.0,0.7543246837836436,0.31298828125,1.2781456938341087,1,True,named_entity,0.0,1.0
majority have four-parted,1,0.7525635685040457,0.0,0.7525635685040457,0.12158203125,1.4082643900101144,3,True,compositional_phrase,1.0,0.9
-hand portion of which,1,0.7506943382456455,0.0,0.7506943382456455,0.24853515625,1.3200952206141137,4,True,fragment,0.1,0.95
", or
the",1,0.748406039073037,0.0,0.748406039073037,0.40625,1.1363959570575926,3,False,fragment,0.0,0.95
He worked at Rockwell International,1,0.7470231943470266,0.0,0.7470231943470266,0.24267578125,1.2355999780550664,5,True,fixed_expression,0.9,0.95
's extension between,1,0.7448686373945638,0.0,0.7448686373945638,0.3388671875,1.1223644645801594,3,True,fragment,0.1,0.95
2009 compilation albums,1,0.7426999870768631,0.0,0.7426999870768631,0.2802734375,1.1988520184734075,3,True,technical_term,0.7,0.9
Military personnel from Pennsylvania,1,0.7417657900144379,0.0,0.7417657900144379,0.44384765625,1.0438676000360947,4,True,technical_term,0.7,0.9
. He was a member of,1,0.7401179127212031,0.0,0.7401179127212031,0.33349609375,1.1680438052405075,6,True,fragment,0.1,0.95
prizes,1,0.7381420967307911,0.0,0.7381420967307911,0.22802734375,1.380755632451978,1,False,compositional_phrase,1.0,1.0
World War II,3,0.7370004100157823,0.1577219198863178,0.953012376477666,0.3326822916666667,1.150972704726956,3,True,named_entity,0.0,1.0
".G."" Quaritch",1,0.7356174056237658,0.0,0.7356174056237658,0.4443359375,0.9696587484344142,2,True,named_entity,0.0,0.95
Maine Industrial School for Girls,1,0.7344255240211811,0.0,0.7344255240211811,0.212890625,1.2554974038029525,5,True,named_entity,0.0,0.98
Caterina,1,0.7335976707162907,0.0,0.7335976707162907,0.408203125,1.0900976924157266,1,True,named_entity,0.0,0.97
Iberia,1,0.7318795082434447,0.0,0.7318795082434447,0.33203125,1.191515176858612,1,True,named_entity,0.0,0.97
57. Its five volumes,1,0.7304196270640007,0.0,0.7304196270640007,0.31396484375,1.1096794387537514,4,True,fragment,0.2,0.85
", and assigned to the",1,0.7287446005719792,0.0,0.7287446005719792,0.3076171875,1.1728136498674475,5,False,fragment,0.1,0.9
Phillip Danault,1,0.7275055563050317,0.0,0.7275055563050317,0.474609375,0.9171525626375792,2,True,named_entity,0.0,0.98
<s> The East Louisiana State Hospital,1,0.7261422841853018,0.0,0.7261422841853018,0.28173828125,1.1728996557757545,6,True,named_entity,0.0,0.98
non-physical,1,0.723779502740163,0.0,0.723779502740163,0.49267578125,1.0418706318504074,1,False,compound_word,0.7,0.92
", listed on the National Register",1,0.7223074748663769,0.0,0.7223074748663769,0.244140625,1.1656319684159422,6,True,fragment,0.1,0.9
1.1-mile,1,0.7211150535660248,0.0,0.7211150535660248,0.435546875,1.101127477665062,1,True,compound_word,0.7,0.9
It lies in the valley of,1,0.7195764660587921,0.0,0.7195764660587921,0.23388671875,1.2171540557719802,6,True,compositional_phrase,1.0,0.95
Macquarie,1,0.7178029729502652,0.0,0.7178029729502652,0.34228515625,1.165112901125663,1,True,named_entity,0.0,0.97
Part,1,0.716726320785905,0.0,0.716726320785905,0.14404296875,1.2925482238397623,1,True,fragment,0.1,0.85
also Swiss champion of acrob,1,0.7156549424355712,0.0,0.7156549424355712,0.60986328125,0.7421402857764278,5,True,fragment,0.1,0.85
", and was retired in",1,0.7147079726196807,0.0,0.7147079726196807,0.4677734375,0.9726830174867016,5,False,fragment,0.1,0.9
"the boy, possessing",1,0.7136168356020051,0.0,0.7136168356020051,0.22119140625,1.2824551749425126,3,False,fragment,0.2,0.85
Avalanche Studios,1,0.7118383230098344,0.0,0.7118383230098344,0.2939453125,1.180352643462086,2,True,named_entity,0.0,0.98
Eidson,1,0.7098941929584062,0.0,0.7098941929584062,0.3017578125,1.1332559902085155,1,True,named_entity,0.0,0.97
record label. In,1,0.708328674488183,0.0,0.708328674488183,0.412109375,0.9419032291892075,3,True,fragment,0.1,0.85
(or loose prisms,1,0.7062039086065047,0.0,0.7062039086065047,0.3046875,1.2362128965162618,3,False,fragment,0.2,0.85
It was serialized in,1,0.7043566493276423,0.0,0.7043566493276423,0.3125,1.168728537381606,4,False,fragment,0.2,0.85
"Low Rider"",",1,0.7025014832283807,0.0,0.7025014832283807,0.37939453125,0.9492468721334516,2,False,compound_word,0.5,0.9
It preserves fossils,1,0.700822617796827,0.0,0.700822617796827,0.33056640625,1.0970272476170675,3,True,compositional_phrase,1.0,0.95
Museum. A branch of,1,0.6991809314156869,0.0,0.6991809314156869,0.22802734375,1.1627472504142171,4,True,fragment,0.2,0.85
Danault,1,0.6966473968940875,0.0,0.6966473968940875,0.22705078125,1.1246140977039685,1,True,named_entity,0.0,1.0
"16, the city council",1,0.6951607311131398,0.0,0.6951607311131398,0.29052734375,1.1379262418453493,4,True,fragment,0.2,0.7
wearing a slouch hat.,1,0.6939820587089017,0.0,0.6939820587089017,0.48583984375,0.9683535842722544,4,False,compositional_phrase,1.0,0.95
ati Reds,1,0.6919738254998239,0.0,0.6919738254998239,0.22705078125,1.1815947199995596,2,True,fragment,0.1,0.7
3 to,3,0.6902032357390401,0.1599684630142092,0.8339836520220205,0.3113606770833333,1.0416295086184333,2,True,fragment,0.1,0.8
1207?),1,0.6888416885871592,0.0,0.6888416885871592,0.35888671875,1.011899143342898,1,True,fragment,0.0,0.9
"3, and Just Cause",1,0.687234339680138,0.0,0.687234339680138,0.28125,1.075751864825345,4,True,fragment,0.2,0.7
Deaths,1,0.6852344433449487,0.0,0.6852344433449487,0.28076171875,1.1400880614873716,1,False,technical_term,0.9,0.8
of the United States,1,0.6840105680917755,0.0,0.6840105680917755,0.47509765625,0.9242598186669388,4,True,fixed_expression,0.7,0.9
Monuments and memorials,1,0.6830879287780384,0.0,0.6830879287780384,0.25830078125,1.0581226539763458,3,False,compound_word,0.7,0.85
and must be resisted,1,0.6814291275927875,0.0,0.6814291275927875,0.25439453125,1.1785484049194686,4,True,compositional_phrase,1.0,0.95
"."" and concludes",1,0.6799776961018786,0.0,0.6799776961018786,0.193359375,1.2003104511921965,3,False,fragment,0.1,0.8
Bibliography,1,0.6786245839155705,0.0,0.6786245839155705,0.44921875,0.8587318699451764,1,True,technical_term,0.9,0.9
's Clay Court Championships,1,0.6773526717133524,0.0,0.6773526717133524,0.28466796875,1.0196756245958811,4,True,named_entity,0.0,0.95
E. Evans is Professor of,1,0.6763372730591177,0.0,0.6763372730591177,0.365234375,0.9672103701477942,5,True,fragment,0.2,0.7
PKM Urban Development Authority.,1,0.675197703093271,0.0,0.675197703093271,0.37255859375,0.9313414257019274,4,True,named_entity,0.0,0.95
the dockyard,1,0.6742102151867928,0.0,0.6742102151867928,0.1083984375,1.349343897341982,2,False,compound_word,0.7,0.85
Delta1 Tauri}},1,0.672478661008675,0.0,0.672478661008675,0.46533203125,0.7814163790841875,2,True,named_entity,0.0,0.9
"69, it lost territory",1,0.6716558540836252,0.0,0.6716558540836252,0.30419921875,0.9265151234903128,4,True,fragment,0.2,0.7
ufacturing companies based in,1,0.6702233438904519,0.0,0.6702233438904519,0.36572265625,0.8916228128511299,4,True,fragment,0.1,0.8
"Life
Friedjung",1,0.6690590019735657,0.0,0.6690590019735657,0.43359375,0.8728428174339141,2,True,fragment,0.1,0.7
Asian elephant,1,0.6678433265617263,0.0,0.6678433265617263,0.2275390625,1.1007606601543154,2,True,technical_term,0.9,0.95
Breeding restarted,1,0.6662431463271475,0.0,0.6662431463271475,0.21875,1.1371654830053688,2,True,compositional_phrase,1.0,0.95
1874,1,0.6652664926082602,0.0,0.6652664926082602,0.29443359375,0.9456369346456504,1,True,named_entity,0.0,0.95
The final was contested,1,0.6630427969486962,0.0,0.6630427969486962,0.3427734375,1.0297993751842405,4,True,compositional_phrase,1.0,0.95
true love he bluffes,1,0.6612437512155873,0.0,0.6612437512155873,0.18408203125,1.1294277374139683,4,True,fragment,0.0,0.95
time and earned the conference,1,0.659598620442035,0.0,0.659598620442035,0.20751953125,1.0819799495425872,5,True,fragment,0.0,0.95
's sets were designed by,1,0.657845664378866,0.0,0.657845664378866,0.43359375,0.832236231259665,5,False,fragment,0.0,0.98
Richard David Arnold Gridley,1,0.6564438292839266,0.0,0.6564438292839266,0.31103515625,0.9577599638348164,4,True,named_entity,1.0,0.99
aplopappus,1,0.6545888591062409,0.0,0.6545888591062409,0.70361328125,0.6500219524531021,1,True,named_entity,1.0,0.98
Shindzwani,1,0.6524928488485898,0.0,0.6524928488485898,0.474609375,0.8358219658714746,1,True,named_entity,1.0,0.98
Geologic formations,1,0.6506159463520589,0.0,0.6506159463520589,0.4609375,0.785353342442647,2,True,technical_term,0.7,0.95
ten-foot,1,0.6490832066277389,0.0,0.6490832066277389,0.330078125,1.068997079069347,1,True,compound_word,0.7,0.95
The rural district has,1,0.6472222927999387,0.0,0.6472222927999387,0.47412109375,0.8484024116873466,4,True,fragment,0.0,0.98
Lydie,1,0.6449663701992736,0.0,0.6449663701992736,0.37744140625,0.8485609450294338,1,True,named_entity,1.0,0.99
.One is a 2,1,0.6435813950921585,0.0,0.6435813950921585,0.509033203125,0.703069698667896,4,True,fragment,0.0,0.98
Gastropods,1,0.6423671858517132,0.0,0.6423671858517132,0.47265625,0.8415136677542827,1,False,technical_term,1.0,0.95
attachment order has been granted,1,0.6407365081855778,0.0,0.6407365081855778,0.26123046875,1.0648539657764444,5,True,technical_term,0.7,0.92
illustrations,1,0.6380344350959006,0.0,0.6380344350959006,0.1884765625,1.2501153846147517,1,True,technical_term,1.0,0.95
or sex slaves,1,0.6358413920774195,0.0,0.6358413920774195,0.2109375,1.0767860973810488,3,True,technical_term,0.3,0.9
Baseball Tournament,2,0.6343955271001969,0.207083296934092,0.841478824034289,0.32568359375,0.8899133782973673,2,True,technical_term,0.7,0.95
put to sea,1,0.6335684062346256,0.0,0.6335684062346256,0.2119140625,1.085507929649064,3,False,idiom,0.3,0.95
Castrum,1,0.6322466796834227,0.0,0.6322466796834227,0.42138671875,0.9146010742085566,1,True,named_entity,1.0,0.98
create a radial trailing axle,1,0.6306594440129363,0.0,0.6306594440129363,0.125,1.2502325944073405,5,True,compositional_phrase,1.0,0.9
Ankita Amar in,1,0.6287543411916502,0.0,0.6287543411916502,0.574462890625,0.6224229623541254,3,True,fragment,0.0,0.98
1916,1,0.6269369242496532,0.0,0.6269369242496532,0.30517578125,0.9577231699991328,1,True,named_entity,1.0,0.99
"Europe
Devonian",1,0.625514379904314,0.0,0.625514379904314,0.22412109375,1.0836834106982849,2,True,fragment,0.0,0.98
paintings and sculptures by,1,0.6232349884767059,0.0,0.6232349884767059,0.34326171875,0.9231997758792644,4,False,fragment,0.0,0.98
video game,1,0.6220547953774751,0.0,0.6220547953774751,0.0869140625,1.2577737071936876,2,False,compound_word,0.7,0.97
Roman Catholic Diocese,1,0.6205018963883105,0.0,0.6205018963883105,0.28173828125,0.8957371628457762,3,True,technical_term,0.7,0.95
coloured,2,0.6192342625865306,0.0317352445169912,0.6509695071035217,0.20849609375,1.064748254122576,1,False,fragment,1.0,0.95
2010s,1,0.6176533764731796,0.0,0.6176533764731796,0.2060546875,0.9188893005579488,1,True,compound_word,0.7,0.9
945 Nazi Germany.,1,0.6165219482263623,0.0,0.6165219482263623,0.35888671875,0.8485558471284057,3,True,fragment,0.9,0.8
and Pan American Games,1,0.615284129438283,0.0,0.615284129438283,0.23828125,1.0382103235957074,4,True,fragment,0.9,0.95
Gravina,1,0.6136778659975122,0.0,0.6136778659975122,0.49365234375,0.7235257196812804,1,True,named_entity,0.0,0.98
played junior ice hockey with the,1,0.6122755999835285,0.0,0.6122755999835285,0.359375,0.8379399765213215,6,True,fragment,0.9,0.95
album by American R&B,1,0.6104569986153119,0.0,0.6104569986153119,0.2255859375,0.9524120277882796,4,True,fragment,0.9,0.95
Vocal,1,0.6086405630408586,0.0,0.6086405630408586,0.18212890625,1.0653025794771462,1,True,fragment,1.0,0.95
completed four lengths,1,0.6071284508594995,0.0,0.6071284508594995,0.31689453125,0.8973377287112488,3,True,compositional_phrase,1.0,0.95
"players
PFC",1,0.605782950041951,0.0,0.605782950041951,0.4580078125,0.6060101094798775,2,True,fragment,1.0,0.95
Inspection,1,0.6045606105662551,0.0,0.6045606105662551,0.306640625,0.8468507451656376,1,True,fragment,1.0,0.95
mines.  After evacuation,1,0.6019490540901464,0.0,0.6019490540901464,0.1884765625,0.912099197725366,3,True,fragment,0.9,0.95
pre-release,1,0.6008502117806718,0.0,0.6008502117806718,0.4453125,0.8094985763266793,1,True,compound_word,0.7,0.9
the left in a large hall,1,0.5989274482434634,0.0,0.5989274482434634,0.2216796875,0.9594768237336584,6,True,compositional_phrase,1.0,0.95
", in the district of",2,0.5976360425112621,0.0301025790843773,0.6277386215956395,0.143798828125,1.0888166687781555,5,True,fixed_expression,0.8,0.9
Reception,1,0.5962845816841545,0.0,0.5962845816841545,0.30029296875,0.8422739542103864,1,False,fragment,1.0,0.95
Sudanese,1,0.5943341440629877,0.0,0.5943341440629877,0.22216796875,0.9298050867199692,1,True,named_entity,0.0,0.95
"amsar County,",1,0.592729208325284,0.0,0.592729208325284,0.3134765625,0.8154411848757099,2,True,fragment,0.9,0.95
Pan American Games champion,1,0.5905710273421324,0.0,0.5905710273421324,0.31103515625,0.813219560542831,4,True,fixed_expression,0.8,0.9
National Register,1,0.588326616944987,0.0,0.588326616944987,0.29931640625,0.8271397845499674,2,True,compound_word,0.7,0.9
98 he moved to Shanghai,1,0.586675586277113,0.0,0.586675586277113,0.30078125,0.7220905770209075,5,True,compositional_phrase,1.0,0.95
and author,1,0.5855431936379318,0.0,0.5855431936379318,0.171875,1.0742095465948294,2,True,fixed_expression,0.8,0.9
"clubs, does nor field",1,0.5844078688590639,0.0,0.5844078688590639,0.35546875,0.8012296330851597,4,True,fragment,0.9,0.95
to play football for Indiana University,1,0.5819387570013234,0.0,0.5819387570013234,0.294921875,0.8326545096908083,6,True,compositional_phrase,1.0,0.95
999.,1,0.5801758362630633,0.0,0.5801758362630633,0.26953125,0.8258058015951582,1,True,fragment,1.0,0.95
.  In the catalog,1,0.5781731417135042,0.0,0.5781731417135042,0.34814453125,0.7073347097525104,4,False,fragment,0.0,0.95
in the South.,1,0.5756308523001568,0.0,0.5756308523001568,0.2333984375,0.9536034979378918,3,True,named_entity,1.0,0.9
drum machines.,1,0.5734948361567402,0.0,0.5734948361567402,0.40087890625,0.5720427544543505,2,False,technical_term,0.7,0.85
Anthony Gildès as,1,0.57175053674581,0.0,0.57175053674581,0.33837890625,0.707269408270775,3,True,fragment,0.0,0.95
ian:,1,0.5708896030274202,0.0,0.5708896030274202,0.1259765625,1.0228050622560505,1,False,fragment,0.0,0.98
in the Footsteps,1,0.5693691129654033,0.0,0.5693691129654033,0.2197265625,0.9298925089760082,3,True,fixed_expression,0.3,0.8
"ebruary 27,",1,0.5681303014616778,0.0,0.5681303014616778,0.279296875,0.7703013395916942,2,True,fragment,0.0,0.98
1.  Forum participants represent,1,0.5664743832180275,0.0,0.5664743832180275,0.40966796875,0.6630121299200686,4,True,compositional_phrase,1.0,0.85
attributes of,1,0.5646132211716492,0.0,0.5646132211716492,0.130859375,1.014560396679123,2,True,compositional_phrase,1.0,0.9
Zhang Ke (;,1,0.5633215335288991,0.0,0.5633215335288991,0.49560546875,0.5172515877284977,3,True,fragment,0.0,0.98
Tamil,1,0.5611182270094648,0.0,0.5611182270094648,0.21240234375,0.9390504503361616,1,True,named_entity,1.0,0.95
", created by",1,0.5581388849289443,0.0,0.5581388849289443,0.1484375,0.9165874466973604,3,True,fragment,0.0,0.98
on the extreme left,1,0.5555371534544312,0.0,0.5555371534544312,0.2431640625,0.8651612430110779,4,True,compositional_phrase,1.0,0.9
coastal cargo boat,1,0.5540291899180053,0.0,0.5540291899180053,0.193359375,0.9214499279200132,3,False,compound_word,0.7,0.85
941 and was offered,1,0.5525955879894323,0.0,0.5525955879894323,0.3466796875,0.6424142629423307,4,True,fragment,0.0,0.98
", Iowa",1,0.5512977179581172,0.0,0.5512977179581172,0.18701171875,0.8607882402077929,2,True,named_entity,1.0,0.95
"persons, freedom,",1,0.5493772664360684,0.0,0.5493772664360684,0.1748046875,0.975493947340171,2,True,fragment,0.0,0.98
combined capacity of . Commissioned,1,0.5482093845181447,0.0,0.5482093845181447,0.208984375,0.8497715081703615,5,True,fragment,0.0,0.98
an American businessman and politician,1,0.5457905458916393,0.0,0.5457905458916393,0.38916015625,0.6257068334790982,5,True,compositional_phrase,1.0,0.9
39 at the beginning of,1,0.5443114268740945,0.0,0.5443114268740945,0.23876953125,0.7932736843727363,5,True,fragment,0.0,0.98
volume form of,1,0.5425665463395121,0.0,0.5425665463395121,0.2177734375,0.83480992053628,3,True,technical_term,0.7,0.8
"ing, the Ministry",1,0.540925680572597,0.0,0.540925680572597,0.4228515625,0.5163156662752424,3,False,fragment,0.0,0.98
Giovanni,1,0.5388721497954843,0.0,0.5388721497954843,0.37646484375,0.6605348666762103,1,True,named_entity,1.0,0.95
by SUBJECT,1,0.5363641746639305,0.0,0.5363641746639305,0.103515625,1.0267014522848263,2,False,fragment,0.0,0.98
Yarımca,1,0.5344733478348668,0.0,0.5344733478348668,0.514892578125,0.4951189164621668,1,False,named_entity,1.0,0.95
's visual effects,1,0.5327485817210916,0.0,0.5327485817210916,0.24609375,0.688927118365229,3,True,fragment,0.8,0.7
to parliament in the first round,1,0.5295263128644752,0.0,0.5295263128644752,0.19970703125,0.7810911727861878,6,True,compositional_phrase,1.0,0.9
"is a nut, fused",1,0.5271275228786712,0.0,0.5271275228786712,0.3701171875,0.6804897056341779,4,True,fragment,0.6,0.6
beauty and value of plant material,1,0.5256468436028883,0.0,0.5256468436028883,0.24755859375,0.7838436715072206,6,True,compositional_phrase,1.0,0.9
as a result of,1,0.5237580507939315,0.0,0.5237580507939315,0.12353515625,0.9600298926098286,4,True,fixed_expression,0.7,0.95
Salvatore Coppola/,1,0.5219126694735393,0.0,0.5219126694735393,0.45166015625,0.4686000330588482,2,True,named_entity,0.0,0.95
.edu,1,0.5183459183961538,0.0,0.5183459183961538,0.267578125,0.6391875498966345,1,False,technical_term,0.3,0.9
76/77,1,0.5160406289994319,0.0,0.5160406289994319,0.24462890625,0.6550918068735797,1,True,fragment,0.5,0.7
Music Entertainment Japan,1,0.5141668479188668,0.0,0.5141668479188668,0.11669921875,0.978776494797167,3,True,named_entity,0.0,0.95
1957.,1,0.5114396657418956,0.0,0.5114396657418956,0.3134765625,0.6203960393547387,1,True,fragment,1.0,0.7
2008 to,1,0.5091811238714015,0.0,0.5091811238714015,0.30419921875,0.6066930440535035,2,True,fragment,0.8,0.7
Eriodictyon,2,0.5078838959825012,0.1560746608854754,0.6639585568679767,0.618896484375,0.3081313708156279,1,True,named_entity,0.0,0.95
Charan as,1,0.5056098099416502,0.0,0.5056098099416502,0.27099609375,0.6224229623541254,2,True,fragment,0.6,0.6
2 CDs,1,0.5035624755490495,0.0,0.5035624755490495,0.19677734375,0.7778270873101237,2,True,compositional_phrase,1.0,0.95
Cass-Clay,1,0.502291380022889,0.0,0.502291380022889,0.48388671875,0.3549716141197225,1,True,named_entity,0.0,0.9
1878,1,0.5003487107279362,0.0,0.5003487107279362,0.3134765625,0.5904713861948404,1,True,fragment,1.0,0.7
0 lists the names of,1,0.4987709918079464,0.0,0.4987709918079464,0.134765625,0.7912390029573658,5,True,fragment,0.7,0.6
Vol. 2.,1,0.497547511522325,0.0,0.497547511522325,0.18798828125,0.7408170209933126,2,True,fragment,0.8,0.7
"and Germany,",1,0.4949228675640676,0.0,0.4949228675640676,0.2431640625,0.7410913485976691,2,True,fragment,0.8,0.7
", all of them",1,0.4932176654831243,0.0,0.4932176654831243,0.0986328125,0.9115109605828108,4,True,fragment,0.7,0.7
", and the Council of Pres",1,0.4917515069872562,0.0,0.4917515069872562,0.675048828125,0.1809168534056405,6,True,fragment,0.6,0.6
would be included in two collective,1,0.4890015049109344,0.0,0.4890015049109344,0.23193359375,0.633880715402336,6,True,fragment,0.7,0.7
eventual,1,0.4870044213777421,0.0,0.4870044213777421,0.0966796875,0.8952454284443553,1,False,fragment,1.0,0.7
8 developed demonstration gardens,1,0.4857411863204472,0.0,0.4857411863204472,0.33203125,0.6041234736136181,4,True,compositional_phrase,1.0,0.9
achieved a,1,0.4829403778656106,0.0,0.4829403778656106,0.05224609375,1.1072532884140265,2,False,fragment,0.8,0.7
Scholar,1,0.4810073598694988,0.0,0.4810073598694988,0.2158203125,0.7471961340487469,1,True,fragment,1.0,0.9
Hills of Lincolnshire,1,0.4778137676665078,0.0,0.4778137676665078,0.1953125,0.6352082472912696,3,True,named_entity,0.9,0.95
", and the",1,0.4763314782687969,0.0,0.4763314782687969,0.16064453125,0.9027427581719922,3,False,fragment,1.0,1.0
", the third largest",1,0.4744032593821402,0.0,0.4744032593821402,0.14892578125,0.7724339297053506,4,True,fragment,1.0,1.0
<s> Grzegorz,1,0.4710609684018753,0.0,0.4710609684018753,0.294921875,0.441812577254688,2,False,fragment,1.0,0.95
its first,1,0.4688969911258687,0.0,0.4688969911258687,0.119140625,0.8653577121896716,2,True,fragment,1.0,1.0
human trafficking,1,0.4648159161963751,0.0,0.4648159161963751,0.259765625,0.5968542436159378,2,True,technical_term,0.3,1.0
once the,1,0.461673097677187,0.0,0.461673097677187,0.09228515625,0.9122393848179676,2,False,fragment,1.0,1.0
Districts,1,0.4596443796346826,0.0,0.4596443796346826,0.2119140625,0.6282369256492064,1,False,fragment,1.0,1.0
the United Left,1,0.4569300772495852,0.0,0.4569300772495852,0.19287109375,0.7438876931239631,3,True,named_entity,0.8,0.95
debut was as a second-,1,0.4550511098889642,0.0,0.4550511098889642,0.625732421875,0.1236507239411605,5,True,fragment,1.0,1.0
Airst,1,0.4514865989217334,0.0,0.4514865989217334,0.22607421875,0.6351862238668333,1,True,named_entity,0.0,0.8
album contains,1,0.449154163317619,0.0,0.449154163317619,0.15185546875,0.7334811114190475,2,False,compositional_phrase,1.0,0.95
Nasrullah,1,0.4473342872703815,0.0,0.4473342872703815,0.46435546875,0.3569831791134538,1,True,named_entity,0.0,1.0
Town called,1,0.4456760273258986,0.0,0.4456760273258986,0.1875,0.6077203417522464,2,True,fragment,1.0,1.0
unnamed,1,0.4430704936996107,0.0,0.4430704936996107,0.2861328125,0.5387065076865267,1,True,compound_word,0.7,0.9
<s> Thornbury,1,0.4414828846027188,0.0,0.4414828846027188,0.3564453125,0.3136071138505469,2,False,named_entity,0.0,0.95
10th,1,0.4399745478924006,0.0,0.4399745478924006,0.24609375,0.5858982837935016,1,True,compound_word,0.7,0.9
in the Republic of Ireland,1,0.4377964576602908,0.0,0.4377964576602908,0.26416015625,0.5675136050882271,5,True,fixed_expression,0.9,1.0
Railway lines,1,0.4357857006286362,0.0,0.4357857006286362,0.2802734375,0.4747181578215905,2,True,compositional_phrase,1.0,0.95
of the criminal code,1,0.432500919407157,0.0,0.432500919407157,0.27001953125,0.5751487828928925,4,True,technical_term,0.5,0.9
ranking round with all teams,1,0.4306743019124761,0.0,0.4306743019124761,0.23486328125,0.5193127079061904,5,True,compositional_phrase,1.0,0.9
Line of,1,0.4289156347433579,0.0,0.4289156347433579,0.12646484375,0.7644277587333946,2,True,fragment,1.0,1.0
", yet it is likely",1,0.4266099688357659,0.0,0.4266099688357659,0.138671875,0.6622280470894149,5,True,fixed_expression,0.8,0.95
that typically grows,1,0.424539250651016,0.0,0.424539250651016,0.17236328125,0.75055711100254,3,True,compositional_phrase,1.0,0.95
long since returned to,1,0.4219745630552813,0.0,0.4219745630552813,0.23974609375,0.4704637513882032,4,False,fixed_expression,0.7,0.8
0-6-,1,0.4194319334131285,0.0,0.4194319334131285,0.2236328125,0.5942341304078212,1,True,fragment,1.0,0.95
the Party of,1,0.4177170081501727,0.0,0.4177170081501727,0.18603515625,0.641704629750432,3,True,fragment,1.0,0.95
the Swiss team,1,0.4154639480754089,0.0,0.4154639480754089,0.19775390625,0.5653932686260222,3,True,compositional_phrase,1.0,0.95
", central government",1,0.413187555653994,0.0,0.413187555653994,0.09130859375,0.738291154759985,3,True,fragment,1.0,0.95
Following the closure of the college,1,0.4116591544171854,0.0,0.4116591544171854,0.14013671875,0.6110570657304635,6,True,fixed_expression,0.7,0.85
10 January,1,0.4096913755081242,0.0,0.4096913755081242,0.3212890625,0.4605077356453104,2,True,named_entity,1.0,0.9
- The EXO',1,0.4076952791657576,0.0,0.4076952791657576,0.2890625,0.4855467916643939,3,True,fragment,1.0,0.95
grown larger than,1,0.4051553384671612,0.0,0.4051553384671612,0.29736328125,0.4303688149179029,3,True,compositional_phrase,1.0,0.95
"athletics,",1,0.4014125758156572,0.0,0.4014125758156572,0.208984375,0.526236517664143,1,True,fragment,1.0,0.95
region of western,1,0.3985677722064891,0.0,0.3985677722064891,0.123046875,0.6399741180162226,3,True,fragment,1.0,0.95
"History

M –",1,0.396912598436238,0.0,0.396912598436238,0.54052734375,0.1182580585905952,3,False,fragment,1.0,0.95
""", ""Nan",1,0.3941121018613644,0.0,0.3941121018613644,0.2529296875,0.328786114028411,2,False,fragment,1.0,1.0
in the Hunter Region,1,0.3917510240969103,0.0,0.3917510240969103,0.173828125,0.5787427946172758,4,True,named_entity,1.0,0.9
He played,1,0.3897865367608863,0.0,0.3897865367608863,0.18017578125,0.5857944669022158,2,True,compositional_phrase,1.0,0.95
", Poland,",1,0.3885573581292985,0.0,0.3885573581292985,0.08154296875,0.6642644890732461,2,True,fragment,1.0,0.95
"the season,",1,0.3852942614332132,0.0,0.3852942614332132,0.10107421875,0.6485383879580331,2,True,fragment,1.0,0.95
manga,1,0.3819635610385199,0.0,0.3819635610385199,0.20703125,0.5840592932212998,1,True,technical_term,0.8,0.9
league matches,1,0.379557960075122,0.0,0.379557960075122,0.11962890625,0.612469118937805,2,True,compositional_phrase,1.0,0.95
B2 events.,1,0.3769602497411535,0.0,0.3769602497411535,0.2451171875,0.2995783587278836,2,True,technical_term,0.7,0.85
"160),",1,0.3751250515629269,0.0,0.3751250515629269,0.3447265625,0.2133253242198173,1,True,fragment,1.0,0.95
of the All-,1,0.373240911130867,0.0,0.373240911130867,0.34521484375,0.2807585278271675,3,True,fragment,1.0,0.95
Code 2 is a,1,0.3719282523053861,0.0,0.3719282523053861,0.322265625,0.2347522713884652,4,True,fragment,1.0,0.95
adey,1,0.3687284443695994,0.0,0.3687284443695994,0.1611328125,0.4730906421739985,1,False,fragment,1.0,1.0
live albums,1,0.3670026587933523,0.0,0.3670026587933523,0.236328125,0.4250750063583809,2,False,compound_word,0.7,0.9
"5, and the remaining three",1,0.3645831921320027,0.0,0.3645831921320027,0.16162109375,0.4612626678300068,5,True,fragment,0.0,0.95
The village has a population of,1,0.3617224010210215,0.0,0.3617224010210215,0.2744140625,0.3427825650525536,6,True,fragment,0.0,0.95
'Root,1,0.3592672413359996,0.0,0.3592672413359996,0.27734375,0.419164197089999,1,False,fragment,0.0,0.98
Law at the University of,1,0.3573408181877313,0.0,0.3573408181877313,0.3359375,0.1842456001568283,5,True,fragment,0.0,0.98
and Civil Law were taught,1,0.3552536672567749,0.0,0.3552536672567749,0.248046875,0.3083001837669371,5,True,compositional_phrase,1.0,0.85
Combat weight,1,0.3535238797177681,0.0,0.3535238797177681,0.28662109375,0.2469688789819201,2,False,technical_term,0.7,0.9
types of,1,0.350528045442232,0.0,0.350528045442232,0.11767578125,0.5264665979805799,2,True,fragment,0.0,0.98
Other people named,1,0.3475915221562801,0.0,0.3475915221562801,0.37841796875,0.0876677702344502,3,True,fixed_expression,0.7,0.85
", in southern",1,0.3450748827526377,0.0,0.3450748827526377,0.16943359375,0.5079508787565943,3,True,fragment,0.0,0.98
", Wisconsin.",1,0.343448884827816,0.0,0.343448884827816,0.16943359375,0.3935343214445399,2,True,named_entity,0.0,0.99
"ation
Written and illustrated",1,0.3400034638105151,0.0,0.3400034638105151,0.21875,0.2829920579637879,4,True,fragment,0.0,0.99
"ah Khan, or",1,0.3381789980352958,0.0,0.3381789980352958,0.212890625,0.2921027685257394,3,False,fragment,0.0,0.98
district of,1,0.3346141112752659,0.0,0.3346141112752659,0.11474609375,0.5032833250631649,2,True,compositional_phrase,1.0,0.9
then-,1,0.3311423762643745,0.0,0.3311423762643745,0.12646484375,0.6471918781609363,1,False,fragment,0.0,0.99
"War service
She",1,0.3294203998750851,0.0,0.3294203998750851,0.555419921875,-0.1012536878122872,3,True,fragment,0.0,0.98
promoted to,1,0.3273952365992384,0.0,0.3273952365992384,0.06396484375,0.5606755914980961,2,True,compositional_phrase,1.0,0.9
Castro,1,0.3238485065483015,0.0,0.3238485065483015,0.2431640625,0.3188986101207537,1,True,named_entity,0.0,0.99
-like,2,0.3214654377689198,0.0996841113628192,0.421149549131739,0.245361328125,0.3494399616097993,1,False,fragment,0.0,0.99
1847);,1,0.3171983641454948,0.0,0.3171983641454948,0.29833984375,0.1654324338012371,1,True,fragment,0.0,0.99
Blues (1,1,0.313297509628407,0.0,0.313297509628407,0.337890625,0.1131998287585174,2,True,fragment,0.0,0.98
has a junior school,1,0.3107548280246879,0.0,0.3107548280246879,0.19091796875,0.3406077731867197,4,True,compositional_phrase,1.0,0.9
1849);,1,0.306893523239534,0.0,0.306893523239534,0.337890625,0.1303929877863351,1,True,fragment,0.0,0.99
992.,1,0.3043348098665279,0.0,0.3043348098665279,0.23291015625,0.2021212043538197,1,True,fragment,0.0,0.99
the all-,1,0.3007945923859909,0.0,0.3007945923859909,0.24365234375,0.3325528872149773,2,True,fragment,0.0,0.99
had no funds,1,0.29781981566822,0.0,0.29781981566822,0.19189453125,0.30021360167055,3,True,compositional_phrase,1.0,0.9
were intended to be used in,1,0.2959075138850622,0.0,0.2959075138850622,0.34716796875,0.1007306987751555,6,True,compositional_phrase,1.0,0.95
to the nation,1,0.2928525881352298,0.0,0.2928525881352298,0.31884765625,0.1526636969005745,3,False,compositional_phrase,1.0,0.95
"extract, reduces",1,0.2900014102914859,0.0,0.2900014102914859,0.294921875,0.0871861429162146,2,True,fragment,1.0,0.98
", beginning",1,0.2880846663256231,0.0,0.2880846663256231,0.107421875,0.3570524861265579,2,False,fragment,1.0,0.98
Works,1,0.2857467150786451,0.0,0.2857467150786451,0.13232421875,0.3320425689466127,1,True,named_entity,0.9,0.7
by D.,1,0.2827930290936875,0.0,0.2827930290936875,0.21923828125,0.2523927289842186,2,False,fragment,1.0,0.98
", Diane",1,0.2782423858712489,0.0,0.2782423858712489,0.33837890625,0.0408208084281223,2,False,named_entity,0.9,0.7
rural community,1,0.275611803366105,0.0,0.275611803366105,0.1572265625,0.3027990396652624,2,True,compositional_phrase,1.0,0.95
Spin,1,0.2711937642205411,0.0,0.2711937642205411,0.134765625,0.3540098011763527,1,False,named_entity,0.9,0.7
art museum in,1,0.268948046582587,0.0,0.268948046582587,0.2421875,0.1096259758314674,3,True,fragment,1.0,0.98
"by the time they did,",1,0.2656803285206518,0.0,0.2656803285206518,0.19384765625,0.1956949619266295,5,True,fixed_expression,0.7,0.9
into the,1,0.2615537708633039,0.0,0.2615537708633039,0.05615234375,0.4798121615332598,2,False,fragment,1.0,0.98
Lil Louis releasing,1,0.2597451614937338,0.0,0.2597451614937338,0.2275390625,0.0161841927968346,3,True,fragment,1.0,0.98
election.,1,0.2559290571969483,0.0,0.2559290571969483,0.17626953125,0.196463267992371,1,True,named_entity,0.9,0.7
in France and,1,0.2509104253899056,0.0,0.2509104253899056,0.1884765625,0.1963678603497639,3,True,fragment,1.0,0.98
Quebec International,1,0.24875175482653,0.0,0.24875175482653,0.13671875,0.2683637620663251,2,True,named_entity,0.9,0.8
Hunter River under,1,0.2457451664673007,0.0,0.2457451664673007,0.31787109375,-0.0849168689879983,3,True,fragment,1.0,0.98
the study Si,1,0.2428698613902073,0.0,0.2428698613902073,0.45263671875,-0.2379791551182317,3,False,fragment,1.0,0.98
E.71),1,0.2387826831672815,0.0,0.2387826831672815,0.32080078125,-0.0022864561442963,1,True,fragment,1.0,0.98
was built on,1,0.2346377887347339,0.0,0.2346377887347339,0.25634765625,0.0553444718368347,3,False,compositional_phrase,1.0,0.95
five-pet,1,0.231531761480513,0.0,0.231531761480513,0.34375,0.0046106537012824,1,True,fragment,1.0,0.98
i (born,1,0.2294254719665767,0.0,0.2294254719665767,0.27001953125,0.0037394611664418,2,False,fragment,1.0,0.98
between 19,1,0.2248604070379974,0.0,0.2248604070379974,0.38525390625,-0.1343821855300063,2,True,fragment,1.0,0.98
the site.,1,0.2210321234617049,0.0,0.2210321234617049,0.2265625,0.0397629258417623,2,False,named_entity,0.9,0.7
"), prominent",1,0.2185703742439379,0.0,0.2185703742439379,0.05615234375,0.3791896074848447,2,False,fragment,1.0,0.98
the poem,1,0.2153446943037533,0.0,0.2153446943037533,0.11962890625,0.2402660326343831,2,False,compositional_phrase,1.0,1.0
""" song",1,0.2101675247557408,0.0,0.2101675247557408,0.07177734375,0.3330359993893521,2,False,fragment,0.0,1.0
a total of,2,0.2071142275915631,0.0068960870179783,0.2140103146095414,0.1416015625,0.1609740455414078,3,True,fixed_expression,0.7,0.95
product.,1,0.2037903633362445,0.0,0.2037903633362445,0.18115234375,0.0605012989656114,1,False,fragment,0.0,1.0
1906,1,0.1998365917380775,0.0,0.1998365917380775,0.296875,-0.1083186769048063,1,True,named_entity,1.0,0.95
French male,1,0.1962615339206584,0.0,0.1962615339206584,0.181640625,0.0298384051141461,2,True,compositional_phrase,1.0,1.0
", California",1,0.1939385729615905,0.0,0.1939385729615905,0.12255859375,0.1186354949039762,2,True,named_entity,1.0,0.9
rankings,1,0.1917165475698513,0.0,0.1917165475698513,0.091796875,0.2095159782996282,1,True,technical_term,0.7,0.85
a job,1,0.1896863632629126,0.0,0.1896863632629126,0.142578125,0.1111787987822814,2,False,compositional_phrase,1.0,1.0
stat,1,0.1855842445897605,0.0,0.1855842445897605,0.2275390625,-0.0179729822755985,1,True,technical_term,0.7,0.8
(the,1,0.1800220395605248,0.0,0.1800220395605248,0.21630859375,0.0367250207763121,1,False,fragment,0.0,1.0
are listed in,1,0.1732516603367193,0.0,0.1732516603367193,0.24462890625,-0.0728522944707017,3,True,fixed_expression,0.7,0.9
Club like most,1,0.1676545935153795,0.0,0.1676545935153795,0.1337890625,0.0001911712884488,3,False,fragment,0.0,1.0
and holds,1,0.1640543308419115,0.0,0.1640543308419115,0.13330078125,0.0673623896047787,2,False,compositional_phrase,1.0,0.95
) or,1,0.1612765932526471,0.0,0.1612765932526471,0.13818359375,0.0157403112566179,2,False,fragment,0.0,1.0
. At the,1,0.1571722076288495,0.0,0.1571722076288495,0.17138671875,-0.0649552231153762,3,False,fragment,0.0,1.0
Giovanni were,1,0.151030026583338,0.0,0.151030026583338,0.08056640625,0.0846063164583451,2,True,fragment,0.0,1.0
"In addition to basketball,",1,0.1473566226150922,0.0,0.1473566226150922,0.17529296875,-0.0725264122122694,4,False,fixed_expression,0.7,0.95
"7, it",1,0.1441404519707029,0.0,0.1441404519707029,0.24853515625,-0.1162113700732426,2,True,fragment,0.0,1.0
"by Thomas """,1,0.1389760106026997,0.0,0.1389760106026997,0.421875,-0.3448207156807507,3,False,fragment,0.0,1.0
.  The design integr,1,0.1339796100116426,0.0,0.1339796100116426,0.7646484375,-0.7082638655958936,4,False,fragment,0.0,1.0
"the subject"" and the book",1,0.1292852337327498,0.0,0.1292852337327498,0.2373046875,-0.2723679703556253,5,False,fragment,0.0,1.0
the central,1,0.1235614118636427,0.0,0.1235614118636427,0.06787109375,0.1155441546591069,2,True,compositional_phrase,1.0,1.0
"designs, the",1,0.1167109426981248,0.0,0.1167109426981248,0.14306640625,-0.1167919791921879,2,False,fragment,0.0,1.0
most of,2,0.1108846369433027,0.0808758264050478,0.1917604633483505,0.0732421875,0.0673727251707568,2,True,fixed_expression,0.7,0.95
"song """,1,0.1048386082793446,0.0,0.1048386082793446,0.208984375,-0.1004523074266384,2,False,fragment,0.0,1.0
9 and,1,0.1008669657665245,0.0,0.1008669657665245,0.31787109375,-0.3752739918336887,2,True,fragment,0.0,1.0
The commune,1,0.0943010842938463,0.0,0.0943010842938463,0.19970703125,-0.2205461173903842,2,True,compositional_phrase,1.0,0.9
notes,1,0.0911038698931668,0.0,0.0911038698931668,0.1064453125,-0.0893789971420829,1,False,compositional_phrase,1.0,1.0
.  In,1,0.0860725987229059,0.0,0.0860725987229059,0.18701171875,-0.2334269016302352,2,False,fragment,0.0,1.0
The Kennedy,1,0.0786425535096936,0.0,0.0786425535096936,0.140625,-0.3021729131007659,2,True,named_entity,0.7,0.8
<s> The SP-,1,0.0735177304299572,0.0,0.0735177304299572,0.629150390625,-0.8891426856438568,3,False,fragment,0.0,1.0
Cinc,1,0.0678482013093537,0.0,0.0678482013093537,0.14599609375,-0.2543296920391157,1,True,fragment,0.0,1.0
a Canadian,1,0.0658152104282211,0.0,0.0658152104282211,0.07861328125,-0.0500615833044471,2,True,compositional_phrase,1.0,1.0
). In,1,0.0563322109356404,0.0,0.0563322109356404,0.35546875,-0.4661030664108987,2,False,fragment,0.0,1.0
", since",1,0.0498403663167983,0.0,0.0498403663167983,0.07666015625,-0.1617760373330041,2,False,fixed_expression,0.7,0.9
went under,1,0.0438372645204323,0.0,0.0438372645204323,0.14501953125,-0.2344009793239192,2,True,idiom,0.3,0.8
started his,1,0.0399673408515698,0.0,0.0399673408515698,0.0693359375,-0.0897789134960755,2,True,compositional_phrase,1.0,0.9
-160,1,0.0340948766886966,0.0,0.0340948766886966,0.26318359375,-0.4855635895282584,1,True,fragment,0.0,1.0
10 June,1,0.0265245838101404,0.0,0.0265245838101404,0.2802734375,-0.4002412748496489,2,True,named_entity,0.7,0.9
It has,1,0.0201655005160991,0.0,0.0201655005160991,0.06103515625,-0.0955823424597521,2,False,compositional_phrase,1.0,1.0
in the second,1,0.0148665234990653,0.0,0.0148665234990653,0.15185546875,-0.3295329100023366,3,True,fixed_expression,0.7,0.9
", but it",1,0.0068221841733402,0.0,0.0068221841733402,0.1279296875,-0.3747902426916494,3,False,fixed_expression,0.7,0.9
ynamic separ,1,-5.7182028658508965e-05,0.0,-5.7182028658508965e-05,0.3408203125,-0.6696986191341462,2,False,fragment,0.0,1.0
. In,2,-0.0065873596210164,0.4395268276146943,0.4329394679936779,0.21435546875,-0.5087169342087909,2,False,fragment,0.0,1.0
"8, Matt",1,-0.013193841939188,0.0,-0.013193841939188,0.21435546875,-0.4616955423479702,2,True,named_entity,0.7,0.8
his liberal and German-,1,-0.0221951088685765,0.0,-0.0221951088685765,0.505615234375,-0.8465033971714415,4,True,fragment,0.0,1.0
"artist, author and",1,-0.0343233367012612,0.0,-0.0343233367012612,0.17822265625,-0.490105216753153,3,True,fixed_expression,0.7,0.9
the rights,1,-0.050675996128365,0.0,-0.050675996128365,0.17431640625,-0.5762749512584127,2,False,compositional_phrase,1.0,1.0
islands and arch,1,-0.0597831857824826,0.0,-0.0597831857824826,0.44677734375,-0.8865185113312066,3,True,fragment,0.0,1.0
for a,1,-0.0701896030670225,0.0,-0.0701896030670225,0.1025390625,-0.4435404139175564,2,True,fragment,0.0,1.0
After some,1,-0.0784804680823377,0.0,-0.0784804680823377,0.283203125,-0.8426855452058444,2,True,fragment,0.0,1.0
the seven main,1,-0.0907228945134632,0.0,-0.0907228945134632,0.08837890625,-0.495361923783658,3,True,fragment,0.0,1.0
<s> Mary Walker,1,-0.1062346502787684,0.0,-0.1062346502787684,0.1650390625,-0.8360822311656712,3,False,named_entity,1.0,1.0
is a calm,1,-0.1174226391913298,0.0,-0.1174226391913298,0.12548828125,-0.7376483948533246,3,False,compositional_phrase,1.0,0.9
film at,1,-0.1332893968816557,0.0,-0.1332893968816557,0.15966796875,-0.7394734922041394,2,True,fragment,0.0,1.0
as an em,1,-0.1449233243258469,0.0,-0.1449233243258469,0.4765625,-1.1295202248771172,3,False,fragment,0.0,1.0
the two,1,-0.1599885759941548,0.0,-0.1599885759941548,0.05322265625,-0.5982136274853872,2,True,fragment,0.0,1.0
Power,1,-0.1728916933504387,0.0,-0.1728916933504387,0.28369140625,-1.0160915380635966,1,True,fragment,0.0,1.0
the S,1,-0.1934215966492523,0.0,-0.1934215966492523,0.236328125,-0.8702727416231307,2,True,fragment,0.0,1.0
on U,1,-0.2226612945604711,0.0,-0.2226612945604711,0.26708984375,-1.0510380020261778,2,True,fragment,0.0,1.0
Post,1,-0.2463910846699837,0.0,-0.2463910846699837,0.31591796875,-1.2837023210499592,1,True,fragment,0.0,1.0
and Sarah,1,-0.266752913917728,0.0,-0.266752913917728,0.0830078125,-0.96986080041932,2,True,fragment,0.0,1.0
and is,1,-0.2852912684384756,0.0,-0.2852912684384756,0.0517578125,-0.855562155471189,2,False,fragment,0.0,1.0
tank steam,1,-0.300633618752642,0.0,-0.300633618752642,0.06201171875,-1.001828187506605,2,False,fragment,0.0,1.0
history and,1,-0.3289683880987407,0.0,-0.3289683880987407,0.142578125,-1.2461270249343517,2,False,fragment,0.0,1.0
des En,1,-0.3464112877179375,0.0,-0.3464112877179375,0.2099609375,-1.236145406794844,2,False,fragment,0.0,1.0
. In Vietnam,1,-0.3784442336440322,0.0,-0.3784442336440322,0.14990234375,-1.3704269903600803,3,True,fixed_expression,0.7,0.8
These,1,-0.4134423990765529,0.0,-0.4134423990765529,0.3212890625,-1.6271118570663825,1,False,fragment,0.0,1.0
2 is a,1,-0.4520115712708343,0.0,-0.4520115712708343,0.1298828125,-1.439599240677086,3,True,fragment,0.0,1.0
as Jean,1,-0.5024729291385641,0.0,-0.5024729291385641,0.08447265625,-1.5655084947214104,2,False,fragment,0.0,1.0
the An,1,-0.5795655243071075,0.0,-0.5795655243071075,0.26416015625,-1.9586794357677688,2,True,fragment,0.0,1.0
<s> Robert,1,-0.6940069875558277,0.0,-0.6940069875558277,0.17431640625,-2.272004773577069,2,True,named_entity,1.0,1.0
<s> Ed,1,-0.892960051942993,0.0,-0.892960051942993,0.2548828125,-2.8704616532949827,2,False,named_entity,1.0,1.0
<s> A,1,-1.2665772969527087,0.0,-1.2665772969527087,0.17041015625,-3.695129765819272,2,False,named_entity,1.0,1.0
